Solution,Implementation_Complexity,Performance_Impact,Time_to_Implement_Days,Cost_Impact,Priority_for_5K_stocks
Pagination + Lazy Loading,Low,High,3,Free,Critical
Database Indexing,Medium,High,5,Free,Critical
Redis Caching,Medium,Very High,7,Low,Critical
API Request Batching,Low,Medium,2,Free,High
WebSocket Real-time,High,High,14,Medium,Medium
CDN Implementation,Low,Medium,3,Low,High
Search/Autocomplete,Medium,High,10,Low,Critical
Load Balancing,Medium,High,7,Medium,High
Rate Limiting,Low,Medium,2,Free,High
Database Sharding,High,Very High,21,High,Future
